<?xml version="1.0"?>
<!--
/**
 * @author Amasty Team
 * @copyright Copyright (c) 2020 Amasty (https://www.amasty.com)
 * @package Amasty_ShopbyBrand
 */
-->
<config xmlns:xsi="http://www.w3.org/2001/XMLSchema-instance" xsi:noNamespaceSchemaLocation="urn:magento:framework:Event/etc/events.xsd">
    <event name="amshopby_option_form_build_after">
        <observer name="Amasty_ShopbyBrand::AdditionalFormFields"
                  instance="Amasty\ShopbyBrand\Observer\Admin\OptionFormBuildAfter"/>
    </event>
    <event name="amshopby_option_form_featured_fieldset">
        <observer name="Amasty_ShopbyBrand::RenameFiledset"
                  instance="Amasty\ShopbyBrand\Observer\Admin\OptionFormFeatured"/>
    </event>
    <event name="admin_system_config_changed_section_amshopby_brand">
        <observer name="Amasty_ShopbyBrand::ChangeConfiguration"
                  instance="Amasty\ShopbyBrand\Observer\Admin\ConfigChanged"/>
    </event>
    <event name="catalog_entity_attribute_save_after">
        <observer name="Amasty_ShopbyBrand::AttributeSave"
                  instance="Amasty\ShopbyBrand\Observer\Admin\AttributeSaveAfter"/>
    </event>
</config>
