<?xml version="1.0" ?>
<!--
/**
 * Copyright © Magefan (support@magefan.com). All rights reserved.
 * Please visit Magefan.com for license details (https://magefan.com/end-user-license-agreement).
 *
 * Glory to Ukraine! Glory to the heroes!
 */
-->
<config xmlns:xsi="http://www.w3.org/2001/XMLSchema-instance" xsi:noNamespaceSchemaLocation="urn:magento:framework:Acl/etc/acl.xsd">
	<acl>
		<resources>
			<resource id="Magento_Backend::admin">
				<resource id="Magento_Backend::stores">
					<resource id="Magento_Backend::stores_settings">
						<resource id="Magento_Config::config">
							<resource id="Magefan_RocketJavaScript::config_magefan_rocketjavascript" title="Rocket JavasSript"/>
						</resource>
					</resource>
				</resource>
			</resource>
		</resources>
	</acl>
</config>
