<?xml version="1.0"?>
<!--
/**
 * Copyright © 2015 Magento. All rights reserved.
 * See COPYING.txt for license details.
 */
-->
<config xmlns:xsi="http://www.w3.org/2001/XMLSchema-instance" xsi:noNamespaceSchemaLocation="../../../Config/etc/system_file.xsd">
    <system>
        <section id="payment">
            <group id="mpesac2b" translate="label" type="text" sortOrder="100" showInDefault="1" showInWebsite="1" showInStore="1">
                <label>Mpesa</label>
                <field id="active" translate="label" type="select" sortOrder="1" showInDefault="1" showInWebsite="1" showInStore="0">
                    <label>Enabled</label>
                    <source_model>Magento\Config\Model\Config\Source\Yesno</source_model>
                </field>
                <field id="title" translate="label" type="text" sortOrder="10" showInDefault="1" showInWebsite="1" showInStore="1">
                    <label>Title</label>
                </field>

                <field id="live_or_dev" translate="label" type="select" sortOrder="11" showInDefault="1" showInWebsite="1" showInStore="1">
                    <label>Live?</label>
                    <source_model>Magento\Config\Model\Config\Source\Yesno</source_model>
                </field>

                <field id="my_paybill" translate="label" sortOrder="15" showInDefault="1" showInWebsite="1" showInStore="1">
                    <label>Paybill Number</label>
                    <frontend_class>validate-number</frontend_class>
                </field>

                <field id="consumer_key" translate="label" sortOrder="16" showInDefault="1" showInWebsite="1" showInStore="1">
                    <label>Consumer Key</label>
                </field>

                <field id="consumer_secret" translate="label" sortOrder="17" showInDefault="1" showInWebsite="1" showInStore="1">
                    <label>Consumer Secret</label>
                </field>

                <field id="passkey" translate="label" sortOrder="18" showInDefault="1" showInWebsite="1" showInStore="1">
                    <label>Passkey</label>
                </field>

                <field id="mpesa_request_url" translate="label" sortOrder="19" showInDefault="1" showInWebsite="1" showInStore="1">
                    <label>Mpesa Request Url</label>
                </field>


                <field id="order_status" translate="label" type="select" sortOrder="39" showInDefault="1" showInWebsite="1" showInStore="0">
                    <label>New Order Status</label>
                    <source_model>Safaricom\Mpesa\Model\Config\Source\Order\Status\Pendingpayment</source_model>
                </field>
              
                <field id="allowspecific" translate="label" type="allowspecific" sortOrder="40" showInDefault="1" showInWebsite="1" showInStore="0">
                    <label>Payment from Applicable Countries</label>
                    <source_model>Magento\Payment\Model\Config\Source\Allspecificcountries</source_model>
                </field>
                <field id="specificcountry" translate="label" type="multiselect" sortOrder="41" showInDefault="1" showInWebsite="1" showInStore="0">
                    <label>Payment from Specific Countries</label>
                    <source_model>Magento\Directory\Model\Config\Source\Country</source_model>
                    <can_be_empty>1</can_be_empty>
                </field>
                <field id="instructions" translate="label" sortOrder="50" showInDefault="1" showInWebsite="1" showInStore="1">
                    <label>Instructions</label>
                </field>
                <field id="sort_order" translate="label" type="text" sortOrder="100" showInDefault="1" showInWebsite="1" showInStore="0">
                    <label>Sort Order</label>
                    <frontend_class>validate-number</frontend_class>
                </field>
            </group>
            <!-- payment-group -->
        </section>
    </system>
</config>
