<?xml version="1.0"?>
<!--
/**
 * Copyright © 2015 Magento. All rights reserved.
 * See COPYING.txt for license details.
 */
-->
<payment xmlns:xsi="http://www.w3.org/2001/XMLSchema-instance"
         xsi:noNamespaceSchemaLocation="../../../Magento/Payment/etc/payment.xsd">
    <groups>
        <group id="offline">
            <label>Offline Payment Methods</label>
        </group>
    </groups>
    <methods>
        <method name="mpesac2b">
            <allow_multiple_address>1</allow_multiple_address>
        </method>
        
    </methods>
</payment>
