<?xml version="1.0"?>
<!--
/**
 * @author Amasty Team
 * @copyright Copyright (c) 2020 Amasty (https://www.amasty.com)
 * @package Amasty_ShopbyPage
 */
-->

<routes xmlns:xsi="http://www.w3.org/2001/XMLSchema-instance"
        xsi:noNamespaceSchemaLocation="urn:magento:module:Magento_Webapi:etc/webapi.xsd">
    <route url="/V1/amasty_shopbypage/page" method="POST">
        <service class="Amasty\ShopbyPage\Api\PageRepositoryInterface" method="save"/>
        <resources>
            <resource ref="Amasty_ShopbyPage::page" />
        </resources>
    </route>
    <route url="/V1/amasty_shopbypage/page/:pageId" method="PUT">
        <service class="Amasty\ShopbyPage\Api\PageRepositoryInterface" method="save"/>
        <resources>
            <resource ref="Amasty_ShopbyPage::page" />
        </resources>
    </route>
    <route url="/V1/amasty_shopbypage/page/:pageId" method="DELETE">
        <service class="Amasty\ShopbyPage\Api\PageRepositoryInterface" method="deleteById"/>
        <resources>
            <resource ref="Amasty_ShopbyPage::page" />
        </resources>
    </route>
    <route url="/V1/amasty_shopbypage/page" method="GET">
        <service class="Amasty\ShopbyPage\Api\PageRepositoryInterface" method="get"/>
        <resources>
            <resource ref="Amasty_ShopbyPage::page" />
        </resources>
    </route>
    <route url="/V1/amasty_shopbypage/page/list" method="GET">
        <service class="Amasty\ShopbyPage\Api\PageRepositoryInterface" method="getList" />
        <resources>
            <resource ref="Amasty_ShopbyPage::page" />
        </resources>
    </route>
</routes>
