<?xml version="1.0"?>
<config xmlns:xsi="http://www.w3.org/2001/XMLSchema-instance" xsi:noNamespaceSchemaLocation="urn:magento:module:Magento_Config:etc/system_file.xsd">
    <system>
        <tab id="ibnab_config" translate="label" sortOrder="200">
            <label>Ibnab</label>
        </tab>
        <section id="ibnab_mega_config" translate="label" type="text" sortOrder="42" showInDefault="1" showInWebsite="1" showInStore="1">
            <class>separator-top</class>
            <label>Mega Menu</label>
            <tab>ibnab_config</tab>
            <resource>Ibnab_MegaMenu::ibnab_mega_config</resource>  
            <group id="general" translate="label" sortOrder="92" showInDefault="1" showInWebsite="1" showInStore="1">
                <label>General</label>
                <comment></comment>
                <field id="enabledisable" translate="label" type="select" sortOrder="5" showInDefault="1" showInWebsite="1" showInStore="1">
                    <label>Enable</label>
                    <source_model>Magento\Config\Model\Config\Source\Yesno</source_model>
                    <comment></comment>
                </field>
            </group>
        
        </section>
    </system>
</config>
